{
	"0": {
		"ddi": null,
		"number": null
	},
	"91": {
		"ddi": "91",
		"number": ""
	},
	"9198": {
		"ddi": "91",
		"number": "98"
	},
	"35850": {
		"ddi": "358",
		"number": "50"
	},
	"29064411": {
		"ddi": "290",
		"number": "64411"
	},
	"50055955": {
		"ddi": "500",
		"number": "55955"
	},
	"299222222": {
		"ddi": "299",
		"number": "222222"
	},
	"299223344": {
		"ddi": "299",
		"number": "223344"
	},
	"299554433": {
		"ddi": "299",
		"number": "554433"
	},
	"508551011": {
		"ddi": "508",
		"number": "551011"
	},
	"508551012": {
		"ddi": "508",
		"number": "551012"
	},
	"508551013": {
		"ddi": "508",
		"number": "551013"
	},
	"687332211": {
		"ddi": "687",
		"number": "332211"
	},
	"687334455": {
		"ddi": "687",
		"number": "334455"
	},
	"687445566": {
		"ddi": "687",
		"number": "445566"
	},
	"687554433": {
		"ddi": "687",
		"number": "554433"
	},
	"687665544": {
		"ddi": "687",
		"number": "665544"
	},
	"687776655": {
		"ddi": "687",
		"number": "776655"
	},
	"687878787": {
		"ddi": "687",
		"number": "878787"
	},
	"687886633": {
		"ddi": "687",
		"number": "886633"
	},
	"687887766": {
		"ddi": "687",
		"number": "887766"
	},
	"687889933": {
		"ddi": "687",
		"number": "889933"
	},
	"687998877": {
		"ddi": "687",
		"number": "998877"
	},
	"+55 69 9377-1328+55 69 9377-1328": {
		"ddi": "+55 69 9377-1328",
		"number": "+55 69 9377-1328"
	},
	"55+55 69 9377-1328": {
		"ddi": "55",
		"number": "+55 69 9377-1328"
	},
	"556993771328": {
		"ddi": "55",
		"number": "6993771328"
	},
	"556499999998": {
		"ddi": "55",
		"number": "6499999998"
	},
	"558888888888": {
		"ddi": "55",
		"number": "8888888888"
	},
	"526692689759": {
		"ddi": "52",
		"number": "6692689759"
	},
	"923457030306": {
		"ddi": "92",
		"number": "3457030306"
	},
	"358414714713": {
		"ddi": "358",
		"number": "414714713"
	},
	"393917986696": {
		"ddi": "39",
		"number": "3917986696"
	},
	"49C": {
		"ddi": "49",
		"number": "C"
	},
	"436648100000": {
		"ddi": "43",
		"number": "6648100000"
	},
	"16196191061": {
		"ddi": "1",
		"number": "6196191061"
	},
	"4916223333321": {
		"ddi": "49",
		"number": "16223333321"
	},
	"558288888888": {
		"ddi": "55",
		"number": "8288888888"
	},
	"55null": {
		"ddi": "55",
		"number": null
	},
	"43null": {
		"ddi": "43",
		"number": null
	},
	"4367799010000": {
		"ddi": "43",
		"number": "67799010000"
	},
	"55\u001b[H6191000000": {
		"ddi": "55",
		"number": "\u001b[H6191000000"
	},
	"556191000000": {
		"ddi": "55",
		"number": "6191000000"
	},
	"5511959811201": {
		"ddi": "55",
		"number": "11959811201"
	},
	"13433333333": {
		"ddi": "1",
		"number": "3433333333"
	},
	"5571992625856": {
		"ddi": "55",
		"number": "71992625856"
	},
	"\u001b[1;5A": {
		"ddi": "\u001b[1;5A",
		"number": ""
	},
	"551199495907": {
		"ddi": "55",
		"number": "1199495907"
	},
	"5511994959070": {
		"ddi": "55",
		"number": "11994959070"
	},
	"5561991000000": {
		"ddi": "55",
		"number": "61991000000"
	},
	"5511947481836": {
		"ddi": "55",
		"number": "11947481836"
	},
	"5511994749189": {
		"ddi": "55",
		"number": "11994749189"
	},
	"48null": {
		"ddi": "48",
		"number": null
	},
	"5512988888882": {
		"ddi": "55",
		"number": "12988888882"
	},
	"5521980073090": {
		"ddi": "55",
		"number": "21980073090"
	},
	"558591045537": {
		"ddi": "55",
		"number": "8591045537"
	},
	"393714808888": {
		"ddi": "39",
		"number": "3714808888"
	},
	"37737777777": {
		"ddi": "377",
		"number": "37777777"
	},
	"37737777778": {
		"ddi": "377",
		"number": "37777778"
	},
	"5511988888888": {
		"ddi": "55",
		"number": "11988888888"
	},
	"5571992621122null": {
		"ddi": "5571992621122",
		"number": null
	},
	"508551012null": {
		"ddi": "508551012",
		"number": null
	},
	"5511988887777": {
		"ddi": "55",
		"number": "11988887777"
	},
	"null": {
		"ddi": null,
		"number": ""
	},
	"5581988888888": {
		"ddi": "55",
		"number": "81988888888"
	},
	"5591988888888": {
		"ddi": "55",
		"number": "91988888888"
	},
	"38348141546": {
		"ddi": "383",
		"number": "48141546"
	},
	"5512981893346": {
		"ddi": "55",
		"number": "12981893346"
	},
	"56null": {
		"ddi": "56",
		"number": null
	},
	"5null": {
		"ddi": "5",
		"number": null
	},
	"551191111111": {
		"ddi": "55",
		"number": "1191111111"
	},
	"5512988888888": {
		"ddi": "55",
		"number": "12988888888"
	},
	"4366565777778": {
		"ddi": "43",
		"number": "66565777778"
	},
	"5585988888888": {
		"ddi": "55",
		"number": "85988888888"
	},
	"5584988888888": {
		"ddi": "55",
		"number": "84988888888"
	},
	"5516999999944": {
		"ddi": "55",
		"number": "16999999944"
	},
	"919898909878": {
		"ddi": "91",
		"number": "9898909878"
	},
	"": {
		"ddi": "",
		"number": ""
	},
	"919878976567": {
		"ddi": "91",
		"number": "9878976567"
	},
	"918079077081null": {
		"ddi": "918079077081",
		"number": null
	},
	"918079077081": {
		"ddi": "91",
		"number": "8079077081"
	},
	"918853200230": {
		"ddi": "91",
		"number": "8853200230"
	},
	"919519747854": {
		"ddi": "91",
		"number": "9519747854"
	},
	"918853200260": {
		"ddi": "91",
		"number": "8853200260"
	}
}